beruf,competency,avg_share_2022_2025_pct,kind,growth_pp
BankangestellteR im Zahlungsverkehr,EDV-Anwendungskenntnisse,13.4,top,
BankangestellteR im Zahlungsverkehr,Rechnungswesen-Kenntnisse,8.5,top,
BankangestellteR im Zahlungsverkehr,E-Business-Kenntnisse,6.8,top,
BankangestellteR im Zahlungsverkehr,Branchenkenntnisse,6.1,top,
BankangestellteR im Zahlungsverkehr,Führerscheine,5.4,top,
BankangestellteR im Zahlungsverkehr,Betriebswirtschaftskenntnisse,2.7,top,
BankangestellteR im Zahlungsverkehr,Verantwortungsgefühl,2.6,top,
BankangestellteR im Zahlungsverkehr,Juristisches Fachwissen,1.5,top,
BankangestellteR im Zahlungsverkehr,Technisches Verständnis,1.3,top,
BankangestellteR im Zahlungsverkehr,Qualitätsmanagement-Kenntnisse,,growing,2.5
BankangestellteR im Zahlungsverkehr,Kommunikationsstärke,,growing,1.9
BankangestellteR im Zahlungsverkehr,Juristisches Fachwissen,,growing,1.9
BankangestellteR im Zahlungsverkehr,Organisationstalent,,growing,1.6
BankangestellteR im Zahlungsverkehr,Gutes Auftreten,,growing,1.4
BankangestellteR im Zahlungsverkehr,Betriebswirtschaftliche Anwendungssoftware-Kenntnisse,,growing,1.1
BankangestellteR im Zahlungsverkehr,Bank- und Finanzwesen-Kenntnisse,,growing,1.1
BankangestellteR im Zahlungsverkehr,Einsatzbereitschaft,,growing,1.0
BankangestellteR im Zahlungsverkehr,EDV-Anwendungskenntnisse,,growing,1.0
Bankkaufmann/-frau,Bank- und Finanzwesen-Kenntnisse,14.2,top,
Bankkaufmann/-frau,Branchenkenntnisse,9.9,top,
Bankkaufmann/-frau,Rechnungswesen-Kenntnisse,7.6,top,
Bankkaufmann/-frau,Vertriebskenntnisse,7.6,top,
Bankkaufmann/-frau,Versicherungskenntnisse,7.1,top,
Bankkaufmann/-frau,Management-Kenntnisse,5.9,top,
Bankkaufmann/-frau,Verkäuferische Kenntnisse,5.5,top,
Bankkaufmann/-frau,EDV-Anwendungskenntnisse,4.6,top,
Bankkaufmann/-frau,Büroarbeitskenntnisse,4.0,top,
Bankkaufmann/-frau,Gutes Auftreten,,growing,1.8
Bankkaufmann/-frau,Versicherungskenntnisse,,growing,1.3
Bankkaufmann/-frau,Einsatzbereitschaft,,growing,0.9
Bankkaufmann/-frau,Rechnungswesen-Kenntnisse,,growing,0.8
Bankkaufmann/-frau,Berufserfahrung,,growing,0.5
Bankkaufmann/-frau,Zahlenverständnis,,growing,0.5
Bankkaufmann/-frau,Hohes Einfühlungsvermögen,,growing,0.3
Bankkaufmann/-frau,Organisationstalent,,growing,0.3
Bankkaufmann/-frau,Hilfsbereitschaft,,growing,0.1
Finanz- und AnlageberaterIn,Management-Kenntnisse,10.5,top,
Finanz- und AnlageberaterIn,Rechnungswesen-Kenntnisse,9.8,top,
Finanz- und AnlageberaterIn,KundInnenbetreuungskenntnisse,9.5,top,
Finanz- und AnlageberaterIn,EDV-Anwendungskenntnisse,6.9,top,
Finanz- und AnlageberaterIn,Branchenkenntnisse,6.5,top,
Finanz- und AnlageberaterIn,Juristisches Fachwissen,6.4,top,
Finanz- und AnlageberaterIn,Projektmanagement-Kenntnisse,4.9,top,
Finanz- und AnlageberaterIn,Betriebswirtschaftskenntnisse,4.5,top,
Finanz- und AnlageberaterIn,Versicherungskenntnisse,4.4,top,
Finanz- und AnlageberaterIn,EDV-Anwendungskenntnisse,,growing,3.9
Finanz- und AnlageberaterIn,Management-Kenntnisse,,growing,2.7
Finanz- und AnlageberaterIn,Betriebswirtschaftliche Anwendungssoftware-Kenntnisse,,growing,2.2
Finanz- und AnlageberaterIn,Serviceorientierung,,growing,1.7
Finanz- und AnlageberaterIn,Betriebswirtschaftskenntnisse,,growing,1.7
Finanz- und AnlageberaterIn,Rechnungswesen-Kenntnisse,,growing,1.6
Finanz- und AnlageberaterIn,Projektmanagement-Kenntnisse,,growing,1.4
Finanz- und AnlageberaterIn,Kommunikationsstärke,,growing,1.1
Finanz- und AnlageberaterIn,Lernbereitschaft,,growing,1.0
MitarbeiterIn im Handels- und Kapitalmarktgeschäft,Bank- und Finanzwesen-Kenntnisse,12.2,top,
MitarbeiterIn im Handels- und Kapitalmarktgeschäft,Branchenkenntnisse,11.5,top,
MitarbeiterIn im Handels- und Kapitalmarktgeschäft,Rechnungswesen-Kenntnisse,9.5,top,
MitarbeiterIn im Handels- und Kapitalmarktgeschäft,EDV-Anwendungskenntnisse,9.2,top,
MitarbeiterIn im Handels- und Kapitalmarktgeschäft,Qualitätsmanagement-Kenntnisse,8.7,top,
MitarbeiterIn im Handels- und Kapitalmarktgeschäft,Projektmanagement-Kenntnisse,8.2,top,
MitarbeiterIn im Handels- und Kapitalmarktgeschäft,Betriebswirtschaftskenntnisse,6.8,top,
MitarbeiterIn im Handels- und Kapitalmarktgeschäft,Teamfähigkeit,4.9,top,
MitarbeiterIn im Handels- und Kapitalmarktgeschäft,Kommunikationsstärke,3.4,top,
MitarbeiterIn im Handels- und Kapitalmarktgeschäft,Teamfähigkeit,,growing,7.5
MitarbeiterIn im Handels- und Kapitalmarktgeschäft,Qualitätsmanagement-Kenntnisse,,growing,6.1
MitarbeiterIn im Handels- und Kapitalmarktgeschäft,Branchenspezifische Produkt- und Materialkenntnisse,,growing,0.6
MitarbeiterIn im Handels- und Kapitalmarktgeschäft,Einsatzbereitschaft,,growing,0.5
MitarbeiterIn im Handels- und Kapitalmarktgeschäft,Berufserfahrung,,growing,0.3
MitarbeiterIn im Handels- und Kapitalmarktgeschäft,Analytische Fähigkeiten,,growing,0.3
MitarbeiterIn im Handels- und Kapitalmarktgeschäft,Teammanagement,,growing,0.2
MitarbeiterIn im Handels- und Kapitalmarktgeschäft,Zahlenverständnis,,growing,0.2
MitarbeiterIn im Handels- und Kapitalmarktgeschäft,Selbstständige Arbeitsweise,,growing,0.1
MitarbeiterIn in der Kreditabteilung,Management-Kenntnisse,12.4,top,
MitarbeiterIn in der Kreditabteilung,Rechnungswesen-Kenntnisse,9.7,top,
MitarbeiterIn in der Kreditabteilung,EDV-Anwendungskenntnisse,8.8,top,
MitarbeiterIn in der Kreditabteilung,Büroarbeitskenntnisse,7.4,top,
MitarbeiterIn in der Kreditabteilung,Betriebswirtschaftskenntnisse,5.8,top,
MitarbeiterIn in der Kreditabteilung,Projektmanagement-Kenntnisse,5.4,top,
MitarbeiterIn in der Kreditabteilung,SAP-Kenntnisse,5.0,top,
MitarbeiterIn in der Kreditabteilung,Juristisches Fachwissen,4.5,top,
MitarbeiterIn in der Kreditabteilung,Branchenkenntnisse,3.1,top,
MitarbeiterIn in der Kreditabteilung,Qualitätsmanagement-Kenntnisse,,growing,2.5
MitarbeiterIn in der Kreditabteilung,Management-Kenntnisse,,growing,2.2
MitarbeiterIn in der Kreditabteilung,Juristisches Fachwissen,,growing,1.2
MitarbeiterIn in der Kreditabteilung,Betriebswirtschaftskenntnisse,,growing,1.1
MitarbeiterIn in der Kreditabteilung,Statistik-Kenntnisse,,growing,0.8
MitarbeiterIn in der Kreditabteilung,Branchenkenntnisse,,growing,0.7
MitarbeiterIn in der Kreditabteilung,Selbstständige Arbeitsweise,,growing,0.5
MitarbeiterIn in der Kreditabteilung,Datenbankentwicklungs- und -betreuungskenntnisse,,growing,0.4
MitarbeiterIn in der Kreditabteilung,Gutes Auftreten,,growing,0.3
RisikomanagerIn im Finanz- und Bankwesen,Rechnungswesen-Kenntnisse,13.3,top,
RisikomanagerIn im Finanz- und Bankwesen,EDV-Anwendungskenntnisse,9.9,top,
RisikomanagerIn im Finanz- und Bankwesen,Betriebswirtschaftskenntnisse,7.4,top,
RisikomanagerIn im Finanz- und Bankwesen,Bank- und Finanzwesen-Kenntnisse,7.0,top,
RisikomanagerIn im Finanz- und Bankwesen,Juristisches Fachwissen,6.4,top,
RisikomanagerIn im Finanz- und Bankwesen,Wissenschaftliches Fachwissen Technik und Formalwissenschaften,5.2,top,
RisikomanagerIn im Finanz- und Bankwesen,Kenntnis berufsspezifischer Rechtsgrundlagen,4.6,top,
RisikomanagerIn im Finanz- und Bankwesen,Qualitätsmanagement-Kenntnisse,4.6,top,
RisikomanagerIn im Finanz- und Bankwesen,Projektmanagement-Kenntnisse,3.9,top,
RisikomanagerIn im Finanz- und Bankwesen,Kommunikationsstärke,,growing,1.6
RisikomanagerIn im Finanz- und Bankwesen,Management-Kenntnisse,,growing,1.5
RisikomanagerIn im Finanz- und Bankwesen,Betriebswirtschaftskenntnisse,,growing,1.0
RisikomanagerIn im Finanz- und Bankwesen,Branchenkenntnisse,,growing,0.5
RisikomanagerIn im Finanz- und Bankwesen,Einsatzbereitschaft,,growing,0.3
RisikomanagerIn im Finanz- und Bankwesen,Branchenspezifische Produkt- und Materialkenntnisse,,growing,0.3
RisikomanagerIn im Finanz- und Bankwesen,Selbstständige Arbeitsweise,,growing,0.2
RisikomanagerIn im Finanz- und Bankwesen,Organisationstalent,,growing,0.2
RisikomanagerIn im Finanz- und Bankwesen,Zahlenverständnis,,growing,0.2
Treasurer (m/w),Management-Kenntnisse,15.0,top,
Treasurer (m/w),EDV-Anwendungskenntnisse,12.6,top,
Treasurer (m/w),Bank- und Finanzwesen-Kenntnisse,7.8,top,
Treasurer (m/w),SAP-Kenntnisse,7.7,top,
Treasurer (m/w),Kenntnis berufsspezifischer Rechtsgrundlagen,6.4,top,
Treasurer (m/w),Betriebswirtschaftskenntnisse,5.9,top,
Treasurer (m/w),Juristisches Fachwissen,5.4,top,
Treasurer (m/w),Betriebswirtschaftliche Anwendungssoftware-Kenntnisse,4.5,top,
Treasurer (m/w),Projektmanagement-Kenntnisse,4.2,top,
Treasurer (m/w),EDV-Anwendungskenntnisse,,growing,3.1
Treasurer (m/w),Kommunikationsstärke,,growing,1.1
Treasurer (m/w),Analytische Fähigkeiten,,growing,0.5
Treasurer (m/w),Problemlösungsfähigkeit,,growing,0.4
Treasurer (m/w),Einsatzbereitschaft,,growing,0.3
Treasurer (m/w),Betriebswirtschaftskenntnisse,,growing,0.2
Treasurer (m/w),Organisationstalent,,growing,0.1
Treasurer (m/w),Berufserfahrung,,growing,0.1
Treasurer (m/w),Zahlenverständnis,,growing,0.1
VersicherungsberaterIn,Versicherungskenntnisse,23.6,top,
VersicherungsberaterIn,Verkäuferische Kenntnisse,7.9,top,
VersicherungsberaterIn,Vertriebskenntnisse,7.5,top,
VersicherungsberaterIn,Branchenkenntnisse,5.1,top,
VersicherungsberaterIn,EDV-Anwendungskenntnisse,4.7,top,
VersicherungsberaterIn,Juristisches Fachwissen,4.4,top,
VersicherungsberaterIn,Führerscheine,3.9,top,
VersicherungsberaterIn,Kommunikationsstärke,2.4,top,
VersicherungsberaterIn,Bank- und Finanzwesen-Kenntnisse,1.9,top,
VersicherungsberaterIn,Einsatzbereitschaft,,growing,3.2
VersicherungsberaterIn,Kontaktfreude,,growing,2.8
VersicherungsberaterIn,EDV-Anwendungskenntnisse,,growing,2.4
VersicherungsberaterIn,Branchenkenntnisse,,growing,1.8
VersicherungsberaterIn,Kenntnis berufsspezifischer Rechtsgrundlagen,,growing,1.7
VersicherungsberaterIn,Juristisches Fachwissen,,growing,1.2
VersicherungsberaterIn,Betriebswirtschaftskenntnisse,,growing,0.5
VersicherungsberaterIn,Betriebswirtschaftliche Anwendungssoftware-Kenntnisse,,growing,0.5
VersicherungsberaterIn,Hohes Einfühlungsvermögen,,growing,0.3
Versicherungskaufmann/-frau,EDV-Anwendungskenntnisse,12.7,top,
Versicherungskaufmann/-frau,Büroarbeitskenntnisse,10.1,top,
Versicherungskaufmann/-frau,KundInnenbetreuungskenntnisse,8.3,top,
Versicherungskaufmann/-frau,Management-Kenntnisse,8.0,top,
Versicherungskaufmann/-frau,Branchenkenntnisse,7.7,top,
Versicherungskaufmann/-frau,Vertriebskenntnisse,5.2,top,
Versicherungskaufmann/-frau,Projektmanagement-Kenntnisse,4.2,top,
Versicherungskaufmann/-frau,Rechnungswesen-Kenntnisse,2.9,top,
Versicherungskaufmann/-frau,Führerscheine,2.6,top,
Versicherungskaufmann/-frau,Einsatzbereitschaft,,growing,1.9
Versicherungskaufmann/-frau,Serviceorientierung,,growing,1.7
Versicherungskaufmann/-frau,Büroarbeitskenntnisse,,growing,1.6
Versicherungskaufmann/-frau,Management-Kenntnisse,,growing,1.2
Versicherungskaufmann/-frau,Problemlösungsfähigkeit,,growing,0.8
Versicherungskaufmann/-frau,Vortrags- und Präsentationskenntnisse,,growing,0.7
Versicherungskaufmann/-frau,Betriebswirtschaftliche Anwendungssoftware-Kenntnisse,,growing,0.7
Versicherungskaufmann/-frau,Qualitätsmanagement-Kenntnisse,,growing,0.6
Versicherungskaufmann/-frau,Lernbereitschaft,,growing,0.5
Betriebs- und UnternehmensleiterIn,Verkäuferische Kenntnisse,10.0,top,
Betriebs- und UnternehmensleiterIn,Marketing- und PR-Kenntnisse,8.2,top,
Betriebs- und UnternehmensleiterIn,Personalmanagement-Kenntnisse,7.2,top,
Betriebs- und UnternehmensleiterIn,KundInnenbetreuungskenntnisse,6.0,top,
Betriebs- und UnternehmensleiterIn,EDV-Anwendungskenntnisse,5.5,top,
Betriebs- und UnternehmensleiterIn,Rechnungswesen-Kenntnisse,5.1,top,
Betriebs- und UnternehmensleiterIn,Projektmanagement-Kenntnisse,4.3,top,
Betriebs- und UnternehmensleiterIn,Betriebswirtschaftskenntnisse,4.0,top,
Betriebs- und UnternehmensleiterIn,Führungsqualitäten,3.9,top,
Betriebs- und UnternehmensleiterIn,Marketing- und PR-Kenntnisse,,growing,1.2
Betriebs- und UnternehmensleiterIn,Kommunikationsstärke,,growing,1.1
Betriebs- und UnternehmensleiterIn,KundInnenbetreuungskenntnisse,,growing,1.0
Betriebs- und UnternehmensleiterIn,Einsatzbereitschaft,,growing,0.6
Betriebs- und UnternehmensleiterIn,Betriebswirtschaftliche Anwendungssoftware-Kenntnisse,,growing,0.5
Betriebs- und UnternehmensleiterIn,Betriebswirtschaftskenntnisse,,growing,0.5
Betriebs- und UnternehmensleiterIn,Branchenkenntnisse,,growing,0.5
Betriebs- und UnternehmensleiterIn,Personalmanagement-Kenntnisse,,growing,0.4
Betriebs- und UnternehmensleiterIn,Projektmanagement-Kenntnisse,,growing,0.4
BetriebswirtIn,Personalmanagement-Kenntnisse,7.1,top,
BetriebswirtIn,Branchenkenntnisse,7.1,top,
BetriebswirtIn,Management-Kenntnisse,6.9,top,
BetriebswirtIn,Qualitätsmanagement-Kenntnisse,6.9,top,
BetriebswirtIn,Führungsqualitäten,5.7,top,
BetriebswirtIn,Marketing- und PR-Kenntnisse,5.6,top,
BetriebswirtIn,Branchenspezifische Produkt- und Materialkenntnisse,4.8,top,
BetriebswirtIn,EDV-Anwendungskenntnisse,4.7,top,
BetriebswirtIn,Projektmanagement-Kenntnisse,4.6,top,
BetriebswirtIn,Branchenspezifische Produkt- und Materialkenntnisse,,growing,3.5
BetriebswirtIn,Marketing- und PR-Kenntnisse,,growing,2.8
BetriebswirtIn,Verkäuferische Kenntnisse,,growing,1.2
BetriebswirtIn,Personalmanagement-Kenntnisse,,growing,1.1
BetriebswirtIn,Qualitätsmanagement-Kenntnisse,,growing,1.0
BetriebswirtIn,Teammanagement,,growing,0.5
BetriebswirtIn,Einsatzbereitschaft,,growing,0.3
BetriebswirtIn,Systematische Arbeitsweise,,growing,0.3
BetriebswirtIn,Organisationstalent,,growing,0.2
Business-Development-ManagerIn,Marketing- und PR-Kenntnisse,9.6,top,
Business-Development-ManagerIn,Projektmanagement-Kenntnisse,7.5,top,
Business-Development-ManagerIn,Vertriebskenntnisse,6.7,top,
Business-Development-ManagerIn,EDV-Anwendungskenntnisse,6.2,top,
Business-Development-ManagerIn,KundInnenbetreuungskenntnisse,6.0,top,
Business-Development-ManagerIn,Betriebswirtschaftskenntnisse,5.5,top,
Business-Development-ManagerIn,Kommunikationsstärke,4.7,top,
Business-Development-ManagerIn,Rechnungswesen-Kenntnisse,4.1,top,
Business-Development-ManagerIn,Unternehmens- und Steuerberatung,3.9,top,
Business-Development-ManagerIn,Kommunikationsstärke,,growing,1.2
Business-Development-ManagerIn,Betriebswirtschaftskenntnisse,,growing,1.1
Business-Development-ManagerIn,Projektmanagement-Kenntnisse,,growing,0.9
Business-Development-ManagerIn,Branchenspezifische Produkt- und Materialkenntnisse,,growing,0.7
Business-Development-ManagerIn,Einsatzbereitschaft,,growing,0.7
Business-Development-ManagerIn,Branchenkenntnisse,,growing,0.5
Business-Development-ManagerIn,Betriebswirtschaftliche Anwendungssoftware-Kenntnisse,,growing,0.4
Business-Development-ManagerIn,Marketing- und PR-Kenntnisse,,growing,0.4
Business-Development-ManagerIn,E-Business-Kenntnisse,,growing,0.4
Compliance-ManagerIn,Juristisches Fachwissen,10.7,top,
Compliance-ManagerIn,Wissenschaftliches Fachwissen Rechts- und Wirtschaftswissenschaften,9.7,top,
Compliance-ManagerIn,EDV-Anwendungskenntnisse,9.3,top,
Compliance-ManagerIn,Qualitätsmanagement-Kenntnisse,8.1,top,
Compliance-ManagerIn,Projektmanagement-Kenntnisse,5.8,top,
Compliance-ManagerIn,Rechnungswesen-Kenntnisse,4.4,top,
Compliance-ManagerIn,Kommunikationsstärke,4.0,top,
Compliance-ManagerIn,Betriebswirtschaftskenntnisse,3.5,top,
Compliance-ManagerIn,Branchenspezifische Produkt- und Materialkenntnisse,3.0,top,
Compliance-ManagerIn,Kommunikationsstärke,,growing,2.5
Compliance-ManagerIn,Branchenspezifische Produkt- und Materialkenntnisse,,growing,1.4
Compliance-ManagerIn,Qualitätsmanagement-Kenntnisse,,growing,1.1
Compliance-ManagerIn,Projektmanagement-Kenntnisse,,growing,1.0
Compliance-ManagerIn,Gutes Auftreten,,growing,0.8
Compliance-ManagerIn,Einsatzbereitschaft,,growing,0.8
Compliance-ManagerIn,Allgemeinbildung,,growing,0.7
Compliance-ManagerIn,Branchenkenntnisse,,growing,0.5
Compliance-ManagerIn,Multimedia-Kenntnisse,,growing,0.3
FinanzmanagerIn,Management-Kenntnisse,10.1,top,
FinanzmanagerIn,Unternehmens- und Steuerberatung,8.0,top,
FinanzmanagerIn,EDV-Anwendungskenntnisse,6.7,top,
FinanzmanagerIn,Juristisches Fachwissen,6.0,top,
FinanzmanagerIn,Projektmanagement-Kenntnisse,5.6,top,
FinanzmanagerIn,Betriebswirtschaftskenntnisse,5.2,top,
FinanzmanagerIn,Kenntnis berufsspezifischer Rechtsgrundlagen,4.7,top,
FinanzmanagerIn,SAP-Kenntnisse,4.2,top,
FinanzmanagerIn,Bank- und Finanzwesen-Kenntnisse,4.1,top,
FinanzmanagerIn,Betriebswirtschaftskenntnisse,,growing,0.8
FinanzmanagerIn,Juristisches Fachwissen,,growing,0.5
FinanzmanagerIn,Personalmanagement-Kenntnisse,,growing,0.5
FinanzmanagerIn,Unternehmens- und Steuerberatung,,growing,0.5
FinanzmanagerIn,Statistik-Kenntnisse,,growing,0.5
FinanzmanagerIn,Einsatzbereitschaft,,growing,0.5
FinanzmanagerIn,Branchenspezifische Produkt- und Materialkenntnisse,,growing,0.4
FinanzmanagerIn,Systematische Arbeitsweise,,growing,0.3
FinanzmanagerIn,E-Business-Kenntnisse,,growing,0.3
Human-Resources-ManagerIn,Juristisches Fachwissen,12.3,top,
Human-Resources-ManagerIn,Rechnungswesen-Kenntnisse,11.6,top,
Human-Resources-ManagerIn,EDV-Anwendungskenntnisse,11.1,top,
Human-Resources-ManagerIn,Management-Kenntnisse,6.7,top,
Human-Resources-ManagerIn,Projektmanagement-Kenntnisse,4.1,top,
Human-Resources-ManagerIn,SAP-Kenntnisse,3.5,top,
Human-Resources-ManagerIn,Betriebswirtschaftskenntnisse,2.9,top,
Human-Resources-ManagerIn,Qualitätsmanagement-Kenntnisse,2.9,top,
Human-Resources-ManagerIn,Kommunikationsstärke,2.8,top,
Human-Resources-ManagerIn,Internet-Entwicklungs- und Administrationskenntnisse,,growing,1.2
Human-Resources-ManagerIn,Hohes Einfühlungsvermögen,,growing,1.2
Human-Resources-ManagerIn,Kommunikationsstärke,,growing,0.8
Human-Resources-ManagerIn,Branchenkenntnisse,,growing,0.8
Human-Resources-ManagerIn,Einsatzbereitschaft,,growing,0.8
Human-Resources-ManagerIn,Organisationstalent,,growing,0.6
Human-Resources-ManagerIn,Interkulturelle Kompetenz,,growing,0.4
Human-Resources-ManagerIn,Systematische Arbeitsweise,,growing,0.3
Human-Resources-ManagerIn,Selbstständige Arbeitsweise,,growing,0.2
Kultur- und EventmanagerIn,Marketing- und PR-Kenntnisse,11.4,top,
Kultur- und EventmanagerIn,EDV-Anwendungskenntnisse,8.6,top,
Kultur- und EventmanagerIn,Rechnungswesen-Kenntnisse,8.5,top,
Kultur- und EventmanagerIn,Projektmanagement-Kenntnisse,8.4,top,
Kultur- und EventmanagerIn,Management-Kenntnisse,6.7,top,
Kultur- und EventmanagerIn,Kommunikationsstärke,4.8,top,
Kultur- und EventmanagerIn,Führerscheine,4.2,top,
Kultur- und EventmanagerIn,Qualitätsmanagement-Kenntnisse,3.7,top,
Kultur- und EventmanagerIn,Betriebswirtschaftskenntnisse,3.5,top,
Kultur- und EventmanagerIn,Event Management,,growing,1.2
Kultur- und EventmanagerIn,Juristisches Fachwissen,,growing,1.1
Kultur- und EventmanagerIn,Gutes Auftreten,,growing,0.9
Kultur- und EventmanagerIn,Branchenkenntnisse,,growing,0.9
Kultur- und EventmanagerIn,Organisationstalent,,growing,0.8
Kultur- und EventmanagerIn,Selbstständige Arbeitsweise,,growing,0.6
Kultur- und EventmanagerIn,Hohes Einfühlungsvermögen,,growing,0.5
Kultur- und EventmanagerIn,EDV-Anwendungskenntnisse,,growing,0.4
Kultur- und EventmanagerIn,Einsatzbereitschaft,,growing,0.4
Operations ManagerIn,Qualitätsmanagement-Kenntnisse,9.5,top,
Operations ManagerIn,Betriebswirtschaftskenntnisse,7.5,top,
Operations ManagerIn,Projektmanagement-Kenntnisse,7.4,top,
Operations ManagerIn,EDV-Anwendungskenntnisse,7.4,top,
Operations ManagerIn,Rechnungswesen-Kenntnisse,6.5,top,
Operations ManagerIn,Logistik-Kenntnisse,6.3,top,
Operations ManagerIn,KundInnenbetreuungskenntnisse,4.8,top,
Operations ManagerIn,Kommunikationsstärke,4.5,top,
Operations ManagerIn,Personalmanagement-Kenntnisse,4.4,top,
Operations ManagerIn,Personalmanagement-Kenntnisse,,growing,2.3
Operations ManagerIn,Kommunikationsstärke,,growing,1.6
Operations ManagerIn,Betriebswirtschaftskenntnisse,,growing,0.8
Operations ManagerIn,Gutes Auftreten,,growing,0.8
Operations ManagerIn,Branchenkenntnisse,,growing,0.7
Operations ManagerIn,Branchenspezifische Produkt- und Materialkenntnisse,,growing,0.5
Operations ManagerIn,Einsatzbereitschaft,,growing,0.5
Operations ManagerIn,Problemlösungsfähigkeit,,growing,0.4
Operations ManagerIn,Selbstständige Arbeitsweise,,growing,0.3
ProjektassistentIn,Büroarbeitskenntnisse,18.3,top,
ProjektassistentIn,EDV-Anwendungskenntnisse,13.9,top,
ProjektassistentIn,Rechnungswesen-Kenntnisse,5.7,top,
ProjektassistentIn,Qualitätsmanagement-Kenntnisse,4.9,top,
ProjektassistentIn,Betriebswirtschaftskenntnisse,4.5,top,
ProjektassistentIn,Betriebswirtschaftliche Anwendungssoftware-Kenntnisse,3.9,top,
ProjektassistentIn,Texterstellung und -bearbeitung,3.4,top,
ProjektassistentIn,Kenntnis wissenschaftlicher Arbeitsmethoden,3.3,top,
ProjektassistentIn,Führerscheine,2.9,top,
ProjektassistentIn,Organisationstalent,,growing,1.2
ProjektassistentIn,Kenntnis wissenschaftlicher Arbeitsmethoden,,growing,1.1
ProjektassistentIn,Statistik-Kenntnisse,,growing,0.8
ProjektassistentIn,Einsatzbereitschaft,,growing,0.7
ProjektassistentIn,Branchenkenntnisse,,growing,0.7
ProjektassistentIn,Führerscheine,,growing,0.6
ProjektassistentIn,Branchenspezifische Produkt- und Materialkenntnisse,,growing,0.5
ProjektassistentIn,Teamfähigkeit,,growing,0.4
ProjektassistentIn,Hilfsbereitschaft,,growing,0.2
ProjektmanagerIn,Management-Kenntnisse,9.0,top,
ProjektmanagerIn,EDV-Anwendungskenntnisse,7.2,top,
ProjektmanagerIn,Betriebswirtschaftskenntnisse,5.7,top,
ProjektmanagerIn,Kommunikationsstärke,5.0,top,
ProjektmanagerIn,Qualitätsmanagement-Kenntnisse,5.0,top,
ProjektmanagerIn,Rechnungswesen-Kenntnisse,4.6,top,
ProjektmanagerIn,KundInnenbetreuungskenntnisse,3.7,top,
ProjektmanagerIn,Betriebswirtschaftliche Anwendungssoftware-Kenntnisse,3.7,top,
ProjektmanagerIn,Softwareentwicklungskenntnisse,3.2,top,
ProjektmanagerIn,EDV-Anwendungskenntnisse,,growing,1.2
ProjektmanagerIn,Projektmanagement-Kenntnisse,,growing,0.9
ProjektmanagerIn,Branchenkenntnisse,,growing,0.8
ProjektmanagerIn,Betriebswirtschaftliche Anwendungssoftware-Kenntnisse,,growing,0.7
ProjektmanagerIn,Marketing- und PR-Kenntnisse,,growing,0.5
ProjektmanagerIn,Systematische Arbeitsweise,,growing,0.4
ProjektmanagerIn,Einsatzbereitschaft,,growing,0.4
ProjektmanagerIn,Verfahrenstechnik-Kenntnisse,,growing,0.4
ProjektmanagerIn,Führungsqualitäten,,growing,0.3
SalesmanagerIn,Verkäuferische Kenntnisse,9.4,top,
SalesmanagerIn,Vertriebskenntnisse,9.1,top,
SalesmanagerIn,Marketing- und PR-Kenntnisse,8.8,top,
SalesmanagerIn,Management-Kenntnisse,6.6,top,
SalesmanagerIn,EDV-Anwendungskenntnisse,4.8,top,
SalesmanagerIn,Branchenspezifische Produkt- und Materialkenntnisse,4.4,top,
SalesmanagerIn,Kommunikationsstärke,4.4,top,
SalesmanagerIn,Qualitätsmanagement-Kenntnisse,4.0,top,
SalesmanagerIn,Branchenkenntnisse,4.0,top,
SalesmanagerIn,EDV-Anwendungskenntnisse,,growing,1.9
SalesmanagerIn,Personalmanagement-Kenntnisse,,growing,1.3
SalesmanagerIn,Einsatzbereitschaft,,growing,0.8
SalesmanagerIn,Marketing- und PR-Kenntnisse,,growing,0.7
SalesmanagerIn,Berufserfahrung,,growing,0.6
SalesmanagerIn,Unternehmens- und Steuerberatung,,growing,0.5
SalesmanagerIn,Fremdsprachen-Kenntnisse,,growing,0.4
SalesmanagerIn,KundInnenbetreuungskenntnisse,,growing,0.4
SalesmanagerIn,Juristisches Fachwissen,,growing,0.4
VerwaltungsmanagerIn,Management-Kenntnisse,9.9,top,
VerwaltungsmanagerIn,Projektmanagement-Kenntnisse,9.1,top,
VerwaltungsmanagerIn,Führerscheine,7.2,top,
VerwaltungsmanagerIn,Personalmanagement-Kenntnisse,6.6,top,
VerwaltungsmanagerIn,Qualitätsmanagement-Kenntnisse,6.0,top,
VerwaltungsmanagerIn,Rechnungswesen-Kenntnisse,5.8,top,
VerwaltungsmanagerIn,Kommunikationsstärke,4.3,top,
VerwaltungsmanagerIn,Juristisches Fachwissen,4.0,top,
VerwaltungsmanagerIn,Betriebswirtschaftskenntnisse,3.8,top,
VerwaltungsmanagerIn,Qualitätsmanagement-Kenntnisse,,growing,2.0
VerwaltungsmanagerIn,Kommunikationsstärke,,growing,1.4
VerwaltungsmanagerIn,Branchenspezifische Produkt- und Materialkenntnisse,,growing,1.2
VerwaltungsmanagerIn,Personalmanagement-Kenntnisse,,growing,1.1
VerwaltungsmanagerIn,Führerscheine,,growing,1.1
VerwaltungsmanagerIn,Einsatzbereitschaft,,growing,1.0
VerwaltungsmanagerIn,Organisationstalent,,growing,0.7
VerwaltungsmanagerIn,Selbstständige Arbeitsweise,,growing,0.7
VerwaltungsmanagerIn,Unternehmens- und Steuerberatung,,growing,0.5
Customer-Relationship-ManagerIn,Management-Kenntnisse,9.2,top,
Customer-Relationship-ManagerIn,Marketing- und PR-Kenntnisse,9.0,top,
Customer-Relationship-ManagerIn,EDV-Anwendungskenntnisse,7.9,top,
Customer-Relationship-ManagerIn,Projektmanagement-Kenntnisse,6.3,top,
Customer-Relationship-ManagerIn,Verkäuferische Kenntnisse,6.1,top,
Customer-Relationship-ManagerIn,Betriebswirtschaftliche Anwendungssoftware-Kenntnisse,4.9,top,
Customer-Relationship-ManagerIn,Qualitätsmanagement-Kenntnisse,4.6,top,
Customer-Relationship-ManagerIn,Kommunikationsstärke,3.7,top,
Customer-Relationship-ManagerIn,Betriebswirtschaftskenntnisse,3.3,top,
Customer-Relationship-ManagerIn,KundInnenbetreuungskenntnisse,,growing,2.0
Customer-Relationship-ManagerIn,Serviceorientierung,,growing,1.3
Customer-Relationship-ManagerIn,Betriebswirtschaftskenntnisse,,growing,1.2
Customer-Relationship-ManagerIn,Projektmanagement-Kenntnisse,,growing,1.2
Customer-Relationship-ManagerIn,Einsatzbereitschaft,,growing,0.6
Customer-Relationship-ManagerIn,E-Business-Kenntnisse,,growing,0.5
Customer-Relationship-ManagerIn,Hohes Einfühlungsvermögen,,growing,0.4
Customer-Relationship-ManagerIn,Branchenspezifische Produkt- und Materialkenntnisse,,growing,0.4
Customer-Relationship-ManagerIn,Gutes Auftreten,,growing,0.3
MarketingassistentIn,EDV-Anwendungskenntnisse,7.7,top,
MarketingassistentIn,"Grafik-, Web-Design- und Bildbearbeitungssoftware-Kenntnisse",6.5,top,
MarketingassistentIn,Projektmanagement-Kenntnisse,5.6,top,
MarketingassistentIn,Internet-Entwicklungs- und Administrationskenntnisse,5.5,top,
MarketingassistentIn,Management-Kenntnisse,5.4,top,
MarketingassistentIn,Verkäuferische Kenntnisse,4.9,top,
MarketingassistentIn,Büroarbeitskenntnisse,4.8,top,
MarketingassistentIn,KundInnenbetreuungskenntnisse,4.8,top,
MarketingassistentIn,Vertriebskenntnisse,3.9,top,
MarketingassistentIn,EDV-Anwendungskenntnisse,,growing,1.6
MarketingassistentIn,Einsatzbereitschaft,,growing,1.4
MarketingassistentIn,Organisationstalent,,growing,0.7
MarketingassistentIn,Grafik-Kenntnisse,,growing,0.7
MarketingassistentIn,"Grafik-, Web-Design- und Bildbearbeitungssoftware-Kenntnisse",,growing,0.7
MarketingassistentIn,Büroarbeitskenntnisse,,growing,0.5
MarketingassistentIn,Qualitätsmanagement-Kenntnisse,,growing,0.4
MarketingassistentIn,Gutes Auftreten,,growing,0.3
MarketingassistentIn,Problemlösungsfähigkeit,,growing,0.2
MarketingmanagerIn,Management-Kenntnisse,8.3,top,
MarketingmanagerIn,Projektmanagement-Kenntnisse,6.9,top,
MarketingmanagerIn,Internet-Entwicklungs- und Administrationskenntnisse,5.5,top,
MarketingmanagerIn,EDV-Anwendungskenntnisse,5.1,top,
MarketingmanagerIn,KundInnenbetreuungskenntnisse,4.0,top,
MarketingmanagerIn,Multimedia-Kenntnisse,3.9,top,
MarketingmanagerIn,Vertriebskenntnisse,3.9,top,
MarketingmanagerIn,"Grafik-, Web-Design- und Bildbearbeitungssoftware-Kenntnisse",3.8,top,
MarketingmanagerIn,Rechnungswesen-Kenntnisse,3.0,top,
MarketingmanagerIn,Programmiersprachen-Kenntnisse,,growing,2.4
MarketingmanagerIn,Marketing- und PR-Kenntnisse,,growing,1.9
MarketingmanagerIn,EDV-Anwendungskenntnisse,,growing,1.2
MarketingmanagerIn,Kommunikationsstärke,,growing,0.8
MarketingmanagerIn,"Grafik-, Web-Design- und Bildbearbeitungssoftware-Kenntnisse",,growing,0.6
MarketingmanagerIn,Betriebswirtschaftliche Anwendungssoftware-Kenntnisse,,growing,0.5
MarketingmanagerIn,Einsatzbereitschaft,,growing,0.4
MarketingmanagerIn,Juristisches Fachwissen,,growing,0.3
MarketingmanagerIn,Personalmanagement-Kenntnisse,,growing,0.3
PR-BeraterIn,PR-Kenntnisse,9.2,top,
PR-BeraterIn,Management-Kenntnisse,8.1,top,
PR-BeraterIn,Projektmanagement-Kenntnisse,7.9,top,
PR-BeraterIn,EDV-Anwendungskenntnisse,6.9,top,
PR-BeraterIn,Internet-Entwicklungs- und Administrationskenntnisse,5.5,top,
PR-BeraterIn,Journalistische Fachkenntnisse,4.6,top,
PR-BeraterIn,Büroarbeitskenntnisse,4.0,top,
PR-BeraterIn,Multimedia-Kenntnisse,3.7,top,
PR-BeraterIn,"Wissenschaftliches Fachwissen Geistes-, Sozial- und Kulturwissenschaften",3.6,top,
PR-BeraterIn,Internet-Entwicklungs- und Administrationskenntnisse,,growing,2.1
PR-BeraterIn,Kommunikationsstärke,,growing,1.8
PR-BeraterIn,Einsatzbereitschaft,,growing,1.2
PR-BeraterIn,Serviceorientierung,,growing,1.0
PR-BeraterIn,Kenntnis wissenschaftlicher Arbeitsmethoden,,growing,0.6
PR-BeraterIn,Betriebswirtschaftskenntnisse,,growing,0.5
PR-BeraterIn,Organisationstalent,,growing,0.4
PR-BeraterIn,Betriebswirtschaftliche Anwendungssoftware-Kenntnisse,,growing,0.4
PR-BeraterIn,Vortrags- und Präsentationskenntnisse,,growing,0.3
ProduktmanagerIn,Marketing- und PR-Kenntnisse,10.2,top,
ProduktmanagerIn,Projektmanagement-Kenntnisse,8.7,top,
ProduktmanagerIn,Softwareentwicklungskenntnisse,8.4,top,
ProduktmanagerIn,IT-Projektmanagement- und Consulting-Kenntnisse,5.6,top,
ProduktmanagerIn,EDV-Anwendungskenntnisse,4.8,top,
ProduktmanagerIn,Vertriebskenntnisse,4.7,top,
ProduktmanagerIn,Betriebswirtschaftskenntnisse,4.6,top,
ProduktmanagerIn,Qualitätsmanagement-Kenntnisse,4.3,top,
ProduktmanagerIn,Betriebswirtschaftliche Anwendungssoftware-Kenntnisse,3.7,top,
ProduktmanagerIn,Marketing- und PR-Kenntnisse,,growing,1.4
ProduktmanagerIn,IT-Projektmanagement- und Consulting-Kenntnisse,,growing,1.3
ProduktmanagerIn,Betriebswirtschaftliche Anwendungssoftware-Kenntnisse,,growing,1.1
ProduktmanagerIn,EDV-Anwendungskenntnisse,,growing,1.0
ProduktmanagerIn,Serviceorientierung,,growing,0.7
ProduktmanagerIn,Projektmanagement-Kenntnisse,,growing,0.5
ProduktmanagerIn,Softwareentwicklungskenntnisse,,growing,0.4
ProduktmanagerIn,Einsatzbereitschaft,,growing,0.3
ProduktmanagerIn,Problemlösungsfähigkeit,,growing,0.3
Social-Media-ManagerIn,EDV-Anwendungskenntnisse,10.5,top,
Social-Media-ManagerIn,"Grafik-, Web-Design- und Bildbearbeitungssoftware-Kenntnisse",10.0,top,
Social-Media-ManagerIn,Multimedia-Kenntnisse,7.5,top,
Social-Media-ManagerIn,Internet-Entwicklungs- und Administrationskenntnisse,6.7,top,
Social-Media-ManagerIn,Projektmanagement-Kenntnisse,6.6,top,
Social-Media-ManagerIn,"Audio-, Video- und Theater-Produktionskenntnisse",4.4,top,
Social-Media-ManagerIn,Grafik-Kenntnisse,3.0,top,
Social-Media-ManagerIn,Journalistische Fachkenntnisse,2.6,top,
Social-Media-ManagerIn,PR-Kenntnisse,1.8,top,
Social-Media-ManagerIn,Fotografische Kenntnisse,,growing,0.8
Social-Media-ManagerIn,Branchenkenntnisse,,growing,0.5
Social-Media-ManagerIn,Betriebswirtschaftskenntnisse,,growing,0.5
Social-Media-ManagerIn,Betriebssystem-Kenntnisse,,growing,0.4
Social-Media-ManagerIn,Journalistische Fachkenntnisse,,growing,0.4
Social-Media-ManagerIn,Juristisches Fachwissen,,growing,0.3
Social-Media-ManagerIn,PR-Kenntnisse,,growing,0.3
Social-Media-ManagerIn,Einsatzbereitschaft,,growing,0.2
Social-Media-ManagerIn,Systematische Arbeitsweise,,growing,0.2
Visual Merchandiser (m/w),Verkäuferische Kenntnisse,19.1,top,
Visual Merchandiser (m/w),KundInnenbetreuungskenntnisse,6.0,top,
Visual Merchandiser (m/w),Raumausstattungskenntnisse,4.0,top,
Visual Merchandiser (m/w),Unternehmerisches Denken,4.0,top,
Visual Merchandiser (m/w),Branchenspezifische Produkt- und Materialkenntnisse,3.0,top,
Visual Merchandiser (m/w),Gutes Auftreten,3.0,top,
Visual Merchandiser (m/w),Führerscheine,2.6,top,
Visual Merchandiser (m/w),EDV-Anwendungskenntnisse,2.2,top,
Visual Merchandiser (m/w),Projektmanagement-Kenntnisse,2.2,top,
Visual Merchandiser (m/w),Gutes Auftreten,,growing,6.0
Visual Merchandiser (m/w),Branchenspezifische Produkt- und Materialkenntnisse,,growing,2.4
Visual Merchandiser (m/w),Marketing- und PR-Kenntnisse,,growing,1.8
Visual Merchandiser (m/w),Betriebswirtschaftliche Anwendungssoftware-Kenntnisse,,growing,1.0
Visual Merchandiser (m/w),Einsatzbereitschaft,,growing,0.4
Visual Merchandiser (m/w),Organisationstalent,,growing,0.4
Visual Merchandiser (m/w),Führerscheine,,growing,0.3
Visual Merchandiser (m/w),Qualitätsmanagement-Kenntnisse,,growing,0.3
Visual Merchandiser (m/w),Problemlösungsfähigkeit,,growing,0.3
BetriebstechnikerIn,Elektrotechnikkenntnisse,12.6,top,
BetriebstechnikerIn,Maschinenbau-Kenntnisse,9.6,top,
BetriebstechnikerIn,Bedienung von Maschinen und Anlagen,9.5,top,
BetriebstechnikerIn,Wissenschaftliches Fachwissen Technik und Formalwissenschaften,7.2,top,
BetriebstechnikerIn,Qualitätsmanagement-Kenntnisse,6.8,top,
BetriebstechnikerIn,EDV-Anwendungskenntnisse,5.7,top,
BetriebstechnikerIn,Management-Kenntnisse,4.8,top,
BetriebstechnikerIn,Projektmanagement-Kenntnisse,4.8,top,
BetriebstechnikerIn,Betriebswirtschaftskenntnisse,4.4,top,
BetriebstechnikerIn,Einsatzbereitschaft,,growing,3.0
BetriebstechnikerIn,Betriebswirtschaftliche Anwendungssoftware-Kenntnisse,,growing,1.5
BetriebstechnikerIn,Branchenspezifische Produkt- und Materialkenntnisse,,growing,1.4
BetriebstechnikerIn,Problemlösungsfähigkeit,,growing,0.6
BetriebstechnikerIn,Lernbereitschaft,,growing,0.6
BetriebstechnikerIn,Verfahrenstechnik-Kenntnisse,,growing,0.5
BetriebstechnikerIn,EDV-Anwendungskenntnisse,,growing,0.4
BetriebstechnikerIn,Management-Kenntnisse,,growing,0.3
BetriebstechnikerIn,Konzentrationsfähigkeit,,growing,0.3
QualitätssicherungstechnikerIn,EDV-Anwendungskenntnisse,6.8,top,
QualitätssicherungstechnikerIn,Management-Kenntnisse,6.2,top,
QualitätssicherungstechnikerIn,Maschinenbau-Kenntnisse,5.9,top,
QualitätssicherungstechnikerIn,Kommunikationsstärke,5.0,top,
QualitätssicherungstechnikerIn,Kenntnis berufsspezifischer Rechtsgrundlagen,3.9,top,
QualitätssicherungstechnikerIn,Projektmanagement-Kenntnisse,3.8,top,
QualitätssicherungstechnikerIn,Elektrotechnikkenntnisse,3.7,top,
QualitätssicherungstechnikerIn,Führerscheine,3.6,top,
QualitätssicherungstechnikerIn,Wissenschaftliches Fachwissen Technik und Formalwissenschaften,3.4,top,
QualitätssicherungstechnikerIn,Wissenschaftliches Fachwissen Technik und Formalwissenschaften,,growing,1.3
QualitätssicherungstechnikerIn,Maschinenbau-Kenntnisse,,growing,1.1
QualitätssicherungstechnikerIn,Branchenkenntnisse,,growing,0.8
QualitätssicherungstechnikerIn,Einsatzbereitschaft,,growing,0.6
QualitätssicherungstechnikerIn,Kenntnis wissenschaftlicher Arbeitsmethoden,,growing,0.4
QualitätssicherungstechnikerIn,Projektmanagement-Kenntnisse,,growing,0.3
QualitätssicherungstechnikerIn,Branchenspezifische Produkt- und Materialkenntnisse,,growing,0.3
QualitätssicherungstechnikerIn,Labormethoden-Kenntnisse,,growing,0.3
QualitätssicherungstechnikerIn,Selbstständige Arbeitsweise,,growing,0.2
TechnischeR SachbearbeiterIn,EDV-Anwendungskenntnisse,12.7,top,
TechnischeR SachbearbeiterIn,Führerscheine,7.2,top,
TechnischeR SachbearbeiterIn,Verkäuferische Kenntnisse,7.0,top,
TechnischeR SachbearbeiterIn,Projektmanagement-Kenntnisse,7.0,top,
TechnischeR SachbearbeiterIn,Betriebswirtschaftskenntnisse,6.9,top,
TechnischeR SachbearbeiterIn,Kommunikationsstärke,5.6,top,
TechnischeR SachbearbeiterIn,Management-Kenntnisse,4.9,top,
TechnischeR SachbearbeiterIn,Technisches Verständnis,4.4,top,
TechnischeR SachbearbeiterIn,SAP-Kenntnisse,4.2,top,
TechnischeR SachbearbeiterIn,Kommunikationsstärke,,growing,1.6
TechnischeR SachbearbeiterIn,Unternehmerisches Denken,,growing,1.3
TechnischeR SachbearbeiterIn,KundInnenbetreuungskenntnisse,,growing,1.2
TechnischeR SachbearbeiterIn,Management-Kenntnisse,,growing,1.1
TechnischeR SachbearbeiterIn,Branchenspezifische Produkt- und Materialkenntnisse,,growing,1.0
TechnischeR SachbearbeiterIn,Qualitätsmanagement-Kenntnisse,,growing,0.9
TechnischeR SachbearbeiterIn,Einsatzbereitschaft,,growing,0.7
TechnischeR SachbearbeiterIn,Berufserfahrung,,growing,0.6
TechnischeR SachbearbeiterIn,Organisationstalent,,growing,0.6
VertriebstechnikerIn,Verkäuferische Kenntnisse,9.4,top,
VertriebstechnikerIn,Management-Kenntnisse,8.5,top,
VertriebstechnikerIn,Büroarbeitskenntnisse,8.1,top,
VertriebstechnikerIn,EDV-Anwendungskenntnisse,7.6,top,
VertriebstechnikerIn,Vertriebskenntnisse,7.5,top,
VertriebstechnikerIn,Projektmanagement-Kenntnisse,6.2,top,
VertriebstechnikerIn,Maschinenbau-Kenntnisse,4.8,top,
VertriebstechnikerIn,Qualitätsmanagement-Kenntnisse,4.7,top,
VertriebstechnikerIn,Marketing- und PR-Kenntnisse,4.5,top,
VertriebstechnikerIn,Büroarbeitskenntnisse,,growing,1.5
VertriebstechnikerIn,Betriebssystem-Kenntnisse,,growing,1.2
VertriebstechnikerIn,Programmiersprachen-Kenntnisse,,growing,1.0
VertriebstechnikerIn,Branchenspezifische Produkt- und Materialkenntnisse,,growing,0.9
VertriebstechnikerIn,Maschinenbau-Kenntnisse,,growing,0.6
VertriebstechnikerIn,Einsatzbereitschaft,,growing,0.5
VertriebstechnikerIn,Nachrichten- und Telekommunikationstechnik-Kenntnisse,,growing,0.3
VertriebstechnikerIn,Branchenkenntnisse,,growing,0.3
VertriebstechnikerIn,Vortrags- und Präsentationskenntnisse,,growing,0.3
WirtschaftsingenieurIn,Management-Kenntnisse,11.6,top,
WirtschaftsingenieurIn,EDV-Anwendungskenntnisse,9.5,top,
WirtschaftsingenieurIn,Qualitätsmanagement-Kenntnisse,9.4,top,
WirtschaftsingenieurIn,Maschinenbau-Kenntnisse,9.4,top,
WirtschaftsingenieurIn,Betriebswirtschaftskenntnisse,8.6,top,
WirtschaftsingenieurIn,Wissenschaftliches Fachwissen Technik und Formalwissenschaften,6.6,top,
WirtschaftsingenieurIn,Rechnungswesen-Kenntnisse,5.4,top,
WirtschaftsingenieurIn,Kommunikationsstärke,5.2,top,
WirtschaftsingenieurIn,Betriebswirtschaftliche Anwendungssoftware-Kenntnisse,3.9,top,
WirtschaftsingenieurIn,Kommunikationsstärke,,growing,1.9
WirtschaftsingenieurIn,Branchenkenntnisse,,growing,1.3
WirtschaftsingenieurIn,Betriebswirtschaftliche Anwendungssoftware-Kenntnisse,,growing,1.2
WirtschaftsingenieurIn,Einsatzbereitschaft,,growing,0.9
WirtschaftsingenieurIn,Maschinenbau-Kenntnisse,,growing,0.6
WirtschaftsingenieurIn,Wissenschaftliches Fachwissen Technik und Formalwissenschaften,,growing,0.5
WirtschaftsingenieurIn,Selbstständige Arbeitsweise,,growing,0.4
WirtschaftsingenieurIn,Berufserfahrung,,growing,0.3
WirtschaftsingenieurIn,Organisationstalent,,growing,0.2
ControllerIn,EDV-Anwendungskenntnisse,11.3,top,
ControllerIn,Management-Kenntnisse,9.6,top,
ControllerIn,Betriebswirtschaftskenntnisse,8.8,top,
ControllerIn,SAP-Kenntnisse,7.3,top,
ControllerIn,Unternehmens- und Steuerberatung,6.1,top,
ControllerIn,Projektmanagement-Kenntnisse,6.0,top,
ControllerIn,Betriebswirtschaftliche Anwendungssoftware-Kenntnisse,4.4,top,
ControllerIn,Qualitätsmanagement-Kenntnisse,3.6,top,
ControllerIn,Kenntnis berufsspezifischer Rechtsgrundlagen,3.5,top,
ControllerIn,Betriebswirtschaftskenntnisse,,growing,1.2
ControllerIn,Kommunikationsstärke,,growing,1.1
ControllerIn,Zahlenverständnis,,growing,0.6
ControllerIn,Unternehmens- und Steuerberatung,,growing,0.5
ControllerIn,Kenntnis berufsspezifischer Rechtsgrundlagen,,growing,0.2
ControllerIn,Einsatzbereitschaft,,growing,0.2
ControllerIn,Organisationstalent,,growing,0.2
ControllerIn,Systematische Arbeitsweise,,growing,0.2
ControllerIn,Rechnungswesen-Kenntnisse,,growing,0.2
KalkulantIn,Betriebswirtschaftskenntnisse,20.4,top,
KalkulantIn,EDV-Anwendungskenntnisse,14.7,top,
KalkulantIn,Projektmanagement-Kenntnisse,10.1,top,
KalkulantIn,Führerscheine,7.2,top,
KalkulantIn,Betriebswirtschaftliche Anwendungssoftware-Kenntnisse,4.9,top,
KalkulantIn,Rechnungswesen-Kenntnisse,3.9,top,
KalkulantIn,Unternehmerisches Denken,3.1,top,
KalkulantIn,Technisches Verständnis,2.8,top,
KalkulantIn,Qualitätsmanagement-Kenntnisse,2.6,top,
KalkulantIn,Betriebswirtschaftliche Anwendungssoftware-Kenntnisse,,growing,4.1
KalkulantIn,Projektmanagement-Kenntnisse,,growing,2.3
KalkulantIn,Rechnungswesen-Kenntnisse,,growing,2.0
KalkulantIn,Qualitätsmanagement-Kenntnisse,,growing,1.8
KalkulantIn,Branchenkenntnisse,,growing,1.0
KalkulantIn,Problemlösungsfähigkeit,,growing,1.0
KalkulantIn,Branchenspezifische Produkt- und Materialkenntnisse,,growing,0.5
KalkulantIn,Logistik-Kenntnisse,,growing,0.3
KalkulantIn,Lernbereitschaft,,growing,0.2
PersonalberaterIn,EDV-Anwendungskenntnisse,9.8,top,
PersonalberaterIn,Management-Kenntnisse,8.4,top,
PersonalberaterIn,Projektmanagement-Kenntnisse,6.9,top,
PersonalberaterIn,Juristisches Fachwissen,6.7,top,
PersonalberaterIn,Kommunikationsstärke,6.4,top,
PersonalberaterIn,Betriebswirtschaftskenntnisse,5.1,top,
PersonalberaterIn,Unternehmens- und Steuerberatung,4.9,top,
PersonalberaterIn,Führerscheine,4.1,top,
PersonalberaterIn,Branchenkenntnisse,3.3,top,
PersonalberaterIn,Personalmanagement-Kenntnisse,,growing,3.3
PersonalberaterIn,Einsatzbereitschaft,,growing,2.7
PersonalberaterIn,Kommunikationsstärke,,growing,1.9
PersonalberaterIn,Hohes Einfühlungsvermögen,,growing,1.7
PersonalberaterIn,Unternehmens- und Steuerberatung,,growing,0.9
PersonalberaterIn,Selbstmanagement,,growing,0.8
PersonalberaterIn,Berufserfahrung,,growing,0.8
PersonalberaterIn,Teamfähigkeit,,growing,0.7
PersonalberaterIn,Problemlösungsfähigkeit,,growing,0.6
SteuerassistentIn,Rechnungswesen-Kenntnisse,24.3,top,
SteuerassistentIn,Büroarbeitskenntnisse,10.5,top,
SteuerassistentIn,Betriebswirtschaftliche Anwendungssoftware-Kenntnisse,9.5,top,
SteuerassistentIn,EDV-Anwendungskenntnisse,9.4,top,
SteuerassistentIn,Diskretion,2.5,top,
SteuerassistentIn,Projektmanagement-Kenntnisse,2.3,top,
SteuerassistentIn,Betriebswirtschaftskenntnisse,2.3,top,
SteuerassistentIn,Kommunikationsstärke,2.1,top,
SteuerassistentIn,Kenntnis berufsspezifischer Rechtsgrundlagen,1.5,top,
SteuerassistentIn,Kommunikationsstärke,,growing,2.4
SteuerassistentIn,Teamfähigkeit,,growing,2.2
SteuerassistentIn,EDV-Anwendungskenntnisse,,growing,1.3
SteuerassistentIn,Betriebswirtschaftskenntnisse,,growing,1.0
SteuerassistentIn,Führerscheine,,growing,0.7
SteuerassistentIn,Kenntnis berufsspezifischer Rechtsgrundlagen,,growing,0.7
SteuerassistentIn,Zahlenverständnis,,growing,0.6
SteuerassistentIn,Statistik-Kenntnisse,,growing,0.5
SteuerassistentIn,Organisationstalent,,growing,0.5
TranslatorIn,Qualitätsmanagement-Kenntnisse,12.4,top,
TranslatorIn,EDV-Anwendungskenntnisse,11.2,top,
TranslatorIn,Fremdsprachen-Kenntnisse,8.1,top,
TranslatorIn,Führerscheine,7.4,top,
TranslatorIn,Projektmanagement-Kenntnisse,5.4,top,
TranslatorIn,Branchenspezifische Produkt- und Materialkenntnisse,5.2,top,
TranslatorIn,Kommunikationsstärke,3.1,top,
TranslatorIn,Texterstellung und -bearbeitung,2.9,top,
TranslatorIn,Interkulturelle Kompetenz,1.7,top,
TranslatorIn,Kenntnisse im Übersetzen und/oder Dolmetschen,,growing,6.6
TranslatorIn,Führerscheine,,growing,4.9
TranslatorIn,Interkulturelle Kompetenz,,growing,3.4
TranslatorIn,Hilfsbereitschaft,,growing,2.9
TranslatorIn,Kommunikationsstärke,,growing,2.1
TranslatorIn,Systematische Arbeitsweise,,growing,1.2
TranslatorIn,Gutes Auftreten,,growing,0.6
TranslatorIn,Branchenkenntnisse,,growing,0.4
TranslatorIn,Verantwortungsgefühl,,growing,0.3
UnternehmensberaterIn,Unternehmens- und Steuerberatung,8.6,top,
UnternehmensberaterIn,Projektmanagement-Kenntnisse,8.3,top,
UnternehmensberaterIn,Qualitätsmanagement-Kenntnisse,7.2,top,
UnternehmensberaterIn,EDV-Anwendungskenntnisse,6.0,top,
UnternehmensberaterIn,Betriebswirtschaftskenntnisse,5.4,top,
UnternehmensberaterIn,Kommunikationsstärke,4.7,top,
UnternehmensberaterIn,Rechnungswesen-Kenntnisse,4.0,top,
UnternehmensberaterIn,KundInnenbetreuungskenntnisse,3.9,top,
UnternehmensberaterIn,Marketing- und PR-Kenntnisse,3.9,top,
UnternehmensberaterIn,EDV-Anwendungskenntnisse,,growing,2.6
UnternehmensberaterIn,Unternehmens- und Steuerberatung,,growing,1.2
UnternehmensberaterIn,Qualitätsmanagement-Kenntnisse,,growing,0.7
UnternehmensberaterIn,Betriebswirtschaftskenntnisse,,growing,0.6
UnternehmensberaterIn,Betriebswirtschaftliche Anwendungssoftware-Kenntnisse,,growing,0.4
UnternehmensberaterIn,Einsatzbereitschaft,,growing,0.4
UnternehmensberaterIn,IT-Projektmanagement- und Consulting-Kenntnisse,,growing,0.2
UnternehmensberaterIn,Problemlösungsfähigkeit,,growing,0.2
UnternehmensberaterIn,Statistik-Kenntnisse,,growing,0.2
WirtschaftstreuhänderIn,Rechnungswesen-Kenntnisse,17.1,top,
WirtschaftstreuhänderIn,Juristisches Fachwissen,12.7,top,
WirtschaftstreuhänderIn,Management-Kenntnisse,6.6,top,
WirtschaftstreuhänderIn,EDV-Anwendungskenntnisse,6.0,top,
WirtschaftstreuhänderIn,Betriebswirtschaftskenntnisse,5.4,top,
WirtschaftstreuhänderIn,Wissenschaftliches Fachwissen Rechts- und Wirtschaftswissenschaften,5.1,top,
WirtschaftstreuhänderIn,Betriebswirtschaftliche Anwendungssoftware-Kenntnisse,4.9,top,
WirtschaftstreuhänderIn,Kenntnis berufsspezifischer Rechtsgrundlagen,3.8,top,
WirtschaftstreuhänderIn,Qualitätsmanagement-Kenntnisse,3.1,top,
WirtschaftstreuhänderIn,Betriebswirtschaftskenntnisse,,growing,1.1
WirtschaftstreuhänderIn,Unternehmens- und Steuerberatung,,growing,0.8
WirtschaftstreuhänderIn,Büroarbeitskenntnisse,,growing,0.6
WirtschaftstreuhänderIn,Selbstständige Arbeitsweise,,growing,0.6
WirtschaftstreuhänderIn,Wissenschaftliches Fachwissen Rechts- und Wirtschaftswissenschaften,,growing,0.5
WirtschaftstreuhänderIn,Einsatzbereitschaft,,growing,0.4
WirtschaftstreuhänderIn,Qualitätsmanagement-Kenntnisse,,growing,0.3
WirtschaftstreuhänderIn,Branchenkenntnisse,,growing,0.3
WirtschaftstreuhänderIn,Berufserfahrung,,growing,0.2
Data Scientist (m/w),Wissenschaftliches Fachwissen Technik und Formalwissenschaften,16.2,top,
Data Scientist (m/w),Datenbankentwicklungs- und -betreuungskenntnisse,14.2,top,
Data Scientist (m/w),Softwareentwicklungskenntnisse,12.3,top,
Data Scientist (m/w),Statistik-Kenntnisse,7.0,top,
Data Scientist (m/w),EDV-Anwendungskenntnisse,6.6,top,
Data Scientist (m/w),Internet-Entwicklungs- und Administrationskenntnisse,5.1,top,
Data Scientist (m/w),Qualitätsmanagement-Kenntnisse,4.3,top,
Data Scientist (m/w),Projektmanagement-Kenntnisse,3.1,top,
Data Scientist (m/w),Betriebswirtschaftliche Anwendungssoftware-Kenntnisse,3.0,top,
Data Scientist (m/w),Programmiersprachen-Kenntnisse,,growing,2.1
Data Scientist (m/w),Kommunikationsstärke,,growing,1.2
Data Scientist (m/w),Wissenschaftliches Fachwissen Technik und Formalwissenschaften,,growing,0.7
Data Scientist (m/w),Statistik-Kenntnisse,,growing,0.6
Data Scientist (m/w),Branchenspezifische Produkt- und Materialkenntnisse,,growing,0.5
Data Scientist (m/w),Betriebswirtschaftliche Anwendungssoftware-Kenntnisse,,growing,0.4
Data Scientist (m/w),Kenntnis wissenschaftlicher Arbeitsmethoden,,growing,0.3
Data Scientist (m/w),Problemlösungsfähigkeit,,growing,0.3
Data Scientist (m/w),Betriebswirtschaftskenntnisse,,growing,0.2
Data-Warehouse-ManagerIn,Wissenschaftliches Fachwissen Technik und Formalwissenschaften,14.5,top,
Data-Warehouse-ManagerIn,Management-Kenntnisse,11.7,top,
Data-Warehouse-ManagerIn,Programmiersprachen-Kenntnisse,8.8,top,
Data-Warehouse-ManagerIn,EDV-Anwendungskenntnisse,6.5,top,
Data-Warehouse-ManagerIn,Betriebswirtschaftliche Anwendungssoftware-Kenntnisse,6.4,top,
Data-Warehouse-ManagerIn,Qualitätsmanagement-Kenntnisse,5.0,top,
Data-Warehouse-ManagerIn,Projektmanagement-Kenntnisse,4.6,top,
Data-Warehouse-ManagerIn,Statistik-Kenntnisse,4.3,top,
Data-Warehouse-ManagerIn,Betriebswirtschaftskenntnisse,4.2,top,
Data-Warehouse-ManagerIn,EDV-Anwendungskenntnisse,,growing,2.7
Data-Warehouse-ManagerIn,Betriebssystem-Kenntnisse,,growing,2.1
Data-Warehouse-ManagerIn,KundInnenorientierung,,growing,1.2
Data-Warehouse-ManagerIn,Betriebswirtschaftskenntnisse,,growing,1.0
Data-Warehouse-ManagerIn,Serviceorientierung,,growing,0.4
Data-Warehouse-ManagerIn,Programmiersprachen-Kenntnisse,,growing,0.4
Data-Warehouse-ManagerIn,Einsatzbereitschaft,,growing,0.2
Data-Warehouse-ManagerIn,Branchenspezifische Produkt- und Materialkenntnisse,,growing,0.2
Data-Warehouse-ManagerIn,Kenntnis berufsspezifischer Rechtsgrundlagen,,growing,0.2
DatenbankadministratorIn,Management-Kenntnisse,13.6,top,
DatenbankadministratorIn,Betriebssystem-Kenntnisse,11.4,top,
DatenbankadministratorIn,Wissenschaftliches Fachwissen Technik und Formalwissenschaften,9.0,top,
DatenbankadministratorIn,EDV-Anwendungskenntnisse,7.0,top,
DatenbankadministratorIn,Qualitätsmanagement-Kenntnisse,6.8,top,
DatenbankadministratorIn,Projektmanagement-Kenntnisse,6.6,top,
DatenbankadministratorIn,Programmiersprachen-Kenntnisse,5.9,top,
DatenbankadministratorIn,Betriebswirtschaftliche Anwendungssoftware-Kenntnisse,3.8,top,
DatenbankadministratorIn,Kommunikationsstärke,3.7,top,
DatenbankadministratorIn,EDV-Anwendungskenntnisse,,growing,3.3
DatenbankadministratorIn,Kommunikationsstärke,,growing,2.4
DatenbankadministratorIn,EDV-Support und EDV-Schulung,,growing,1.4
DatenbankadministratorIn,Branchenspezifische Produkt- und Materialkenntnisse,,growing,0.5
DatenbankadministratorIn,Führerscheine,,growing,0.5
DatenbankadministratorIn,Einsatzbereitschaft,,growing,0.5
DatenbankadministratorIn,Programmiersprachen-Kenntnisse,,growing,0.5
DatenbankadministratorIn,Datenbankentwicklungs- und -betreuungskenntnisse,,growing,0.3
DatenbankadministratorIn,Systematische Arbeitsweise,,growing,0.3
DatenbankentwicklerIn,Datenbankentwicklungs- und -betreuungskenntnisse,17.7,top,
DatenbankentwicklerIn,Programmiersprachen-Kenntnisse,15.3,top,
DatenbankentwicklerIn,Wissenschaftliches Fachwissen Technik und Formalwissenschaften,10.9,top,
DatenbankentwicklerIn,EDV-Anwendungskenntnisse,9.6,top,
DatenbankentwicklerIn,Betriebswirtschaftliche Anwendungssoftware-Kenntnisse,7.7,top,
DatenbankentwicklerIn,Projektmanagement-Kenntnisse,5.8,top,
DatenbankentwicklerIn,Qualitätsmanagement-Kenntnisse,4.6,top,
DatenbankentwicklerIn,Betriebswirtschaftskenntnisse,1.8,top,
DatenbankentwicklerIn,Statistik-Kenntnisse,1.7,top,
DatenbankentwicklerIn,Programmiersprachen-Kenntnisse,,growing,3.1
DatenbankentwicklerIn,Softwareentwicklungskenntnisse,,growing,1.6
DatenbankentwicklerIn,Problemlösungsfähigkeit,,growing,0.8
DatenbankentwicklerIn,Branchenspezifische Produkt- und Materialkenntnisse,,growing,0.6
DatenbankentwicklerIn,Lernbereitschaft,,growing,0.1
DatenbankentwicklerIn,Branchenkenntnisse,,growing,0.1
DatenbankentwicklerIn,Betriebswirtschaftskenntnisse,,growing,0.1
DatenbankentwicklerIn,Berufserfahrung,,growing,0.1
DatenbankentwicklerIn,Freundlichkeit,,growing,0.1
Datensicherheitsexperte/-expertin,Management-Kenntnisse,11.7,top,
Datensicherheitsexperte/-expertin,Betriebssystem-Kenntnisse,11.5,top,
Datensicherheitsexperte/-expertin,Netzwerktechnik-Kenntnisse,8.6,top,
Datensicherheitsexperte/-expertin,Wissenschaftliches Fachwissen Technik und Formalwissenschaften,8.4,top,
Datensicherheitsexperte/-expertin,Projektmanagement-Kenntnisse,5.8,top,
Datensicherheitsexperte/-expertin,Programmiersprachen-Kenntnisse,4.4,top,
Datensicherheitsexperte/-expertin,EDV-Anwendungskenntnisse,4.3,top,
Datensicherheitsexperte/-expertin,Qualitätsmanagement-Kenntnisse,4.1,top,
Datensicherheitsexperte/-expertin,Kommunikationsstärke,2.8,top,
Datensicherheitsexperte/-expertin,Branchenspezifische Produkt- und Materialkenntnisse,,growing,2.1
Datensicherheitsexperte/-expertin,Programmiersprachen-Kenntnisse,,growing,1.8
Datensicherheitsexperte/-expertin,Kommunikationsstärke,,growing,1.7
Datensicherheitsexperte/-expertin,Betriebssystem-Kenntnisse,,growing,1.3
Datensicherheitsexperte/-expertin,EDV-Support und EDV-Schulung,,growing,1.1
Datensicherheitsexperte/-expertin,Betriebswirtschaftliche Anwendungssoftware-Kenntnisse,,growing,0.6
Datensicherheitsexperte/-expertin,Serviceorientierung,,growing,0.6
Datensicherheitsexperte/-expertin,Elektronik- und Elektrotechnik-Kenntnisse,,growing,0.5
Datensicherheitsexperte/-expertin,Einsatzbereitschaft,,growing,0.4
IT-ProjektmanagerIn,Management-Kenntnisse,11.9,top,
IT-ProjektmanagerIn,Softwareentwicklungskenntnisse,10.2,top,
IT-ProjektmanagerIn,Wissenschaftliches Fachwissen Technik und Formalwissenschaften,7.2,top,
IT-ProjektmanagerIn,Betriebssystem-Kenntnisse,7.0,top,
IT-ProjektmanagerIn,IT-Projektmanagement- und Consulting-Kenntnisse,6.5,top,
IT-ProjektmanagerIn,Betriebswirtschaftliche Anwendungssoftware-Kenntnisse,5.6,top,
IT-ProjektmanagerIn,Qualitätsmanagement-Kenntnisse,5.2,top,
IT-ProjektmanagerIn,EDV-Anwendungskenntnisse,4.7,top,
IT-ProjektmanagerIn,Kommunikationsstärke,4.5,top,
IT-ProjektmanagerIn,EDV-Anwendungskenntnisse,,growing,1.4
IT-ProjektmanagerIn,Betriebswirtschaftliche Anwendungssoftware-Kenntnisse,,growing,1.3
IT-ProjektmanagerIn,Kommunikationsstärke,,growing,1.1
IT-ProjektmanagerIn,Softwareentwicklungskenntnisse,,growing,0.9
IT-ProjektmanagerIn,Betriebswirtschaftskenntnisse,,growing,0.6
IT-ProjektmanagerIn,Einsatzbereitschaft,,growing,0.4
IT-ProjektmanagerIn,Vortrags- und Präsentationskenntnisse,,growing,0.3
IT-ProjektmanagerIn,Organisationstalent,,growing,0.3
IT-ProjektmanagerIn,Branchenkenntnisse,,growing,0.2
IT-QualitätsmanagerIn,Programmiersprachen-Kenntnisse,14.1,top,
IT-QualitätsmanagerIn,Wissenschaftliches Fachwissen Technik und Formalwissenschaften,9.5,top,
IT-QualitätsmanagerIn,Qualitätsmanagement-Kenntnisse,8.4,top,
IT-QualitätsmanagerIn,Betriebssystem-Kenntnisse,7.3,top,
IT-QualitätsmanagerIn,IT-Projektmanagement- und Consulting-Kenntnisse,5.8,top,
IT-QualitätsmanagerIn,Management-Kenntnisse,5.4,top,
IT-QualitätsmanagerIn,Projektmanagement-Kenntnisse,4.7,top,
IT-QualitätsmanagerIn,Maschinenbau-Kenntnisse,3.4,top,
IT-QualitätsmanagerIn,EDV-Anwendungskenntnisse,3.0,top,
IT-QualitätsmanagerIn,Programmiersprachen-Kenntnisse,,growing,1.3
IT-QualitätsmanagerIn,Branchenspezifische Produkt- und Materialkenntnisse,,growing,1.3
IT-QualitätsmanagerIn,Softwareentwicklungskenntnisse,,growing,1.3
IT-QualitätsmanagerIn,Kenntnis berufsspezifischer Rechtsgrundlagen,,growing,0.8
IT-QualitätsmanagerIn,Wissenschaftliches Fachwissen Technik und Formalwissenschaften,,growing,0.8
IT-QualitätsmanagerIn,Branchenkenntnisse,,growing,0.6
IT-QualitätsmanagerIn,EDV-Anwendungskenntnisse,,growing,0.5
IT-QualitätsmanagerIn,Maschinenbau-Kenntnisse,,growing,0.2
IT-QualitätsmanagerIn,Betriebswirtschaftliche Anwendungssoftware-Kenntnisse,,growing,0.2
Requirements Engineer (m/w),IT-Projektmanagement- und Consulting-Kenntnisse,13.1,top,
Requirements Engineer (m/w),Projektmanagement-Kenntnisse,10.3,top,
Requirements Engineer (m/w),Management-Kenntnisse,10.0,top,
Requirements Engineer (m/w),Kommunikationsstärke,8.1,top,
Requirements Engineer (m/w),Qualitätsmanagement-Kenntnisse,6.0,top,
Requirements Engineer (m/w),Programmiersprachen-Kenntnisse,4.5,top,
Requirements Engineer (m/w),Betriebswirtschaftliche Anwendungssoftware-Kenntnisse,4.3,top,
Requirements Engineer (m/w),Datenbankentwicklungs- und -betreuungskenntnisse,3.7,top,
Requirements Engineer (m/w),EDV-Anwendungskenntnisse,3.2,top,
Requirements Engineer (m/w),Softwareentwicklungskenntnisse,,growing,3.1
Requirements Engineer (m/w),Branchenspezifische Produkt- und Materialkenntnisse,,growing,2.4
Requirements Engineer (m/w),Kenntnis berufsspezifischer Rechtsgrundlagen,,growing,1.0
Requirements Engineer (m/w),Selbstständige Arbeitsweise,,growing,0.9
Requirements Engineer (m/w),Branchenkenntnisse,,growing,0.7
Requirements Engineer (m/w),Serviceorientierung,,growing,0.5
Requirements Engineer (m/w),Management-Kenntnisse,,growing,0.3
Requirements Engineer (m/w),KundInnenbetreuungskenntnisse,,growing,0.3
Requirements Engineer (m/w),Netzwerktechnik-Kenntnisse,,growing,0.3
SystemanalytikerIn,Wissenschaftliches Fachwissen Technik und Formalwissenschaften,11.4,top,
SystemanalytikerIn,Betriebssystem-Kenntnisse,9.6,top,
SystemanalytikerIn,Programmiersprachen-Kenntnisse,8.7,top,
SystemanalytikerIn,Projektmanagement-Kenntnisse,8.7,top,
SystemanalytikerIn,EDV-Anwendungskenntnisse,7.1,top,
SystemanalytikerIn,Internet-Entwicklungs- und Administrationskenntnisse,5.3,top,
SystemanalytikerIn,Netzwerktechnik-Kenntnisse,5.3,top,
SystemanalytikerIn,Qualitätsmanagement-Kenntnisse,4.5,top,
SystemanalytikerIn,Betriebswirtschaftliche Anwendungssoftware-Kenntnisse,4.2,top,
SystemanalytikerIn,Projektmanagement-Kenntnisse,,growing,1.9
SystemanalytikerIn,Kommunikationsstärke,,growing,1.8
SystemanalytikerIn,Branchenspezifische Produkt- und Materialkenntnisse,,growing,1.7
SystemanalytikerIn,Betriebswirtschaftskenntnisse,,growing,1.6
SystemanalytikerIn,Branchenkenntnisse,,growing,1.3
SystemanalytikerIn,Teammanagement,,growing,0.7
SystemanalytikerIn,Betriebswirtschaftliche Anwendungssoftware-Kenntnisse,,growing,0.5
SystemanalytikerIn,Systematische Arbeitsweise,,growing,0.3
SystemanalytikerIn,Berufserfahrung,,growing,0.2
WirtschaftsinformatikerIn,Softwareentwicklungskenntnisse,11.0,top,
WirtschaftsinformatikerIn,Wissenschaftliches Fachwissen Technik und Formalwissenschaften,9.1,top,
WirtschaftsinformatikerIn,Datenbankentwicklungs- und -betreuungskenntnisse,7.4,top,
WirtschaftsinformatikerIn,Projektmanagement-Kenntnisse,7.4,top,
WirtschaftsinformatikerIn,Qualitätsmanagement-Kenntnisse,6.0,top,
WirtschaftsinformatikerIn,Betriebswirtschaftliche Anwendungssoftware-Kenntnisse,5.9,top,
WirtschaftsinformatikerIn,Programmiersprachen-Kenntnisse,5.0,top,
WirtschaftsinformatikerIn,IT-Projektmanagement- und Consulting-Kenntnisse,4.9,top,
WirtschaftsinformatikerIn,EDV-Anwendungskenntnisse,4.7,top,
WirtschaftsinformatikerIn,EDV-Anwendungskenntnisse,,growing,1.5
WirtschaftsinformatikerIn,Büroarbeitskenntnisse,,growing,1.0
WirtschaftsinformatikerIn,Projektmanagement-Kenntnisse,,growing,0.9
WirtschaftsinformatikerIn,Systematische Arbeitsweise,,growing,0.7
WirtschaftsinformatikerIn,Programmiersprachen-Kenntnisse,,growing,0.4
WirtschaftsinformatikerIn,Qualitätsmanagement-Kenntnisse,,growing,0.4
WirtschaftsinformatikerIn,Selbstständige Arbeitsweise,,growing,0.2
WirtschaftsinformatikerIn,Zahlenverständnis,,growing,0.2
WirtschaftsinformatikerIn,Branchenspezifische Produkt- und Materialkenntnisse,,growing,0.2
Game Producer (m/w),"Grafik-, Web-Design- und Bildbearbeitungssoftware-Kenntnisse",15.1,top,
Game Producer (m/w),Multimedia-Kenntnisse,12.9,top,
Game Producer (m/w),Grafik-Kenntnisse,9.0,top,
Game Producer (m/w),Softwareentwicklungskenntnisse,9.0,top,
Game Producer (m/w),Betriebssystem-Kenntnisse,6.2,top,
Game Producer (m/w),Branchenspezifische Produkt- und Materialkenntnisse,5.0,top,
Game Producer (m/w),EDV-Anwendungskenntnisse,4.3,top,
Game Producer (m/w),"Audio-, Video- und Theater-Produktionskenntnisse",3.4,top,
Game Producer (m/w),Projektmanagement-Kenntnisse,2.7,top,
Game Producer (m/w),Branchenspezifische Produkt- und Materialkenntnisse,,growing,4.1
Game Producer (m/w),Softwareentwicklungskenntnisse,,growing,3.0
Game Producer (m/w),Datensicherheitskenntnisse,,growing,2.1
Game Producer (m/w),Branchenkenntnisse,,growing,1.4
Game Producer (m/w),Didaktische Kenntnisse,,growing,1.3
Game Producer (m/w),Betriebssystem-Kenntnisse,,growing,1.1
Game Producer (m/w),Betriebswirtschaftliche Anwendungssoftware-Kenntnisse,,growing,0.6
Game Producer (m/w),Einsatzbereitschaft,,growing,0.4
Game Producer (m/w),Fremdsprachen-Kenntnisse,,growing,0.2
InformatikerIn,Betriebssystem-Kenntnisse,10.8,top,
InformatikerIn,Wissenschaftliches Fachwissen Technik und Formalwissenschaften,8.5,top,
InformatikerIn,Programmiersprachen-Kenntnisse,8.4,top,
InformatikerIn,Management-Kenntnisse,6.5,top,
InformatikerIn,Netzwerktechnik-Kenntnisse,6.2,top,
InformatikerIn,Projektmanagement-Kenntnisse,5.4,top,
InformatikerIn,EDV-Anwendungskenntnisse,5.1,top,
InformatikerIn,Qualitätsmanagement-Kenntnisse,4.2,top,
InformatikerIn,Internet-Entwicklungs- und Administrationskenntnisse,3.8,top,
InformatikerIn,Betriebswirtschaftliche Anwendungssoftware-Kenntnisse,,growing,1.4
InformatikerIn,Betriebssystem-Kenntnisse,,growing,1.4
InformatikerIn,Kommunikationsstärke,,growing,1.1
InformatikerIn,EDV-Anwendungskenntnisse,,growing,1.0
InformatikerIn,Branchenspezifische Produkt- und Materialkenntnisse,,growing,0.7
InformatikerIn,EDV-Support und EDV-Schulung,,growing,0.6
InformatikerIn,Internet-Entwicklungs- und Administrationskenntnisse,,growing,0.4
InformatikerIn,Systematische Arbeitsweise,,growing,0.3
InformatikerIn,Konzentrationsfähigkeit,,growing,0.3
SoftwareentwicklerIn,Programmiersprachen-Kenntnisse,18.2,top,
SoftwareentwicklerIn,Betriebssystem-Kenntnisse,10.5,top,
SoftwareentwicklerIn,Wissenschaftliches Fachwissen Technik und Formalwissenschaften,8.4,top,
SoftwareentwicklerIn,Internet-Entwicklungs- und Administrationskenntnisse,5.2,top,
SoftwareentwicklerIn,Datenbankentwicklungs- und -betreuungskenntnisse,4.7,top,
SoftwareentwicklerIn,Netzwerktechnik-Kenntnisse,4.4,top,
SoftwareentwicklerIn,IT-Projektmanagement- und Consulting-Kenntnisse,3.9,top,
SoftwareentwicklerIn,Projektmanagement-Kenntnisse,3.3,top,
SoftwareentwicklerIn,EDV-Anwendungskenntnisse,3.3,top,
SoftwareentwicklerIn,Kommunikationsstärke,,growing,0.9
SoftwareentwicklerIn,EDV-Anwendungskenntnisse,,growing,0.8
SoftwareentwicklerIn,Programmiersprachen-Kenntnisse,,growing,0.7
SoftwareentwicklerIn,Betriebssystem-Kenntnisse,,growing,0.7
SoftwareentwicklerIn,Betriebswirtschaftliche Anwendungssoftware-Kenntnisse,,growing,0.2
SoftwareentwicklerIn,Branchenkenntnisse,,growing,0.2
SoftwareentwicklerIn,Problemlösungsfähigkeit,,growing,0.2
SoftwareentwicklerIn,Einsatzbereitschaft,,growing,0.1
SoftwareentwicklerIn,IT-Projektmanagement- und Consulting-Kenntnisse,,growing,0.1
WebmasterIn,Internet-Entwicklungs- und Administrationskenntnisse,10.6,top,
WebmasterIn,Programmiersprachen-Kenntnisse,10.2,top,
WebmasterIn,Marketing- und PR-Kenntnisse,8.7,top,
WebmasterIn,Datenbankentwicklungs- und -betreuungskenntnisse,8.0,top,
WebmasterIn,Betriebssystem-Kenntnisse,7.9,top,
WebmasterIn,Qualitätsmanagement-Kenntnisse,6.2,top,
WebmasterIn,Projektmanagement-Kenntnisse,5.3,top,
WebmasterIn,EDV-Support und EDV-Schulung,5.1,top,
WebmasterIn,Multimedia-Kenntnisse,5.0,top,
WebmasterIn,"Grafik-, Web-Design- und Bildbearbeitungssoftware-Kenntnisse",,growing,2.7
WebmasterIn,Marketing- und PR-Kenntnisse,,growing,2.4
WebmasterIn,Multimedia-Kenntnisse,,growing,2.4
WebmasterIn,Qualitätsmanagement-Kenntnisse,,growing,2.3
WebmasterIn,Internet-Entwicklungs- und Administrationskenntnisse,,growing,2.0
WebmasterIn,EDV-Anwendungskenntnisse,,growing,1.3
WebmasterIn,Kommunikationsstärke,,growing,1.2
WebmasterIn,E-Business-Kenntnisse,,growing,0.9
WebmasterIn,Technisches Verständnis,,growing,0.6
BaumarktverkäuferIn,Branchenspezifische Produkt- und Materialkenntnisse,22.8,top,
BaumarktverkäuferIn,KundInnenbetreuungskenntnisse,9.4,top,
BaumarktverkäuferIn,Logistik-Kenntnisse,6.5,top,
BaumarktverkäuferIn,Qualitätsmanagement-Kenntnisse,5.8,top,
BaumarktverkäuferIn,Führerscheine,2.2,top,
BaumarktverkäuferIn,Branchenkenntnisse,1.1,top,
BaumarktverkäuferIn,EDV-Anwendungskenntnisse,1.0,top,
BaumarktverkäuferIn,Technisches Verständnis,0.9,top,
BaumarktverkäuferIn,Betriebswirtschaftskenntnisse,0.9,top,
BaumarktverkäuferIn,Branchenkenntnisse,,growing,1.2
BaumarktverkäuferIn,Serviceorientierung,,growing,1.1
BaumarktverkäuferIn,KundInnenbetreuungskenntnisse,,growing,1.0
BaumarktverkäuferIn,Berufserfahrung,,growing,0.8
BaumarktverkäuferIn,Einsatzbereitschaft,,growing,0.7
BaumarktverkäuferIn,Bauerrichtungskenntnisse,,growing,0.5
BaumarktverkäuferIn,Teammanagement,,growing,0.3
BaumarktverkäuferIn,Lernbereitschaft,,growing,0.2
BaumarktverkäuferIn,Gutes Auftreten,,growing,0.2
E-Commerce-ManagerIn,E-Business-Kenntnisse,14.4,top,
E-Commerce-ManagerIn,Verkäuferische Kenntnisse,7.1,top,
E-Commerce-ManagerIn,Management-Kenntnisse,6.7,top,
E-Commerce-ManagerIn,KundInnenbetreuungskenntnisse,5.7,top,
E-Commerce-ManagerIn,Projektmanagement-Kenntnisse,4.9,top,
E-Commerce-ManagerIn,EDV-Anwendungskenntnisse,4.7,top,
E-Commerce-ManagerIn,Multimedia-Kenntnisse,4.4,top,
E-Commerce-ManagerIn,Logistik-Kenntnisse,3.8,top,
E-Commerce-ManagerIn,Vertriebskenntnisse,3.5,top,
E-Commerce-ManagerIn,Branchenspezifische Produkt- und Materialkenntnisse,,growing,4.5
E-Commerce-ManagerIn,EDV-Anwendungskenntnisse,,growing,2.4
E-Commerce-ManagerIn,KundInnenbetreuungskenntnisse,,growing,2.2
E-Commerce-ManagerIn,Betriebswirtschaftliche Anwendungssoftware-Kenntnisse,,growing,1.2
E-Commerce-ManagerIn,Führerscheine,,growing,1.2
E-Commerce-ManagerIn,Kommunikationsstärke,,growing,1.0
E-Commerce-ManagerIn,IT-Projektmanagement- und Consulting-Kenntnisse,,growing,0.8
E-Commerce-ManagerIn,Branchenkenntnisse,,growing,0.7
E-Commerce-ManagerIn,Teammanagement,,growing,0.7
WebdesignerIn,Softwareentwicklungskenntnisse,15.5,top,
WebdesignerIn,Programmiersprachen-Kenntnisse,10.4,top,
WebdesignerIn,Marketing- und PR-Kenntnisse,8.6,top,
WebdesignerIn,"Grafik-, Web-Design- und Bildbearbeitungssoftware-Kenntnisse",8.0,top,
WebdesignerIn,Grafik-Kenntnisse,7.2,top,
WebdesignerIn,Internet-Entwicklungs- und Administrationskenntnisse,6.5,top,
WebdesignerIn,Betriebssystem-Kenntnisse,3.5,top,
WebdesignerIn,IT-Projektmanagement- und Consulting-Kenntnisse,3.0,top,
WebdesignerIn,Projektmanagement-Kenntnisse,2.8,top,
WebdesignerIn,Programmiersprachen-Kenntnisse,,growing,1.6
WebdesignerIn,Betriebswirtschaftliche Anwendungssoftware-Kenntnisse,,growing,1.3
WebdesignerIn,Softwareentwicklungskenntnisse,,growing,1.2
WebdesignerIn,E-Business-Kenntnisse,,growing,0.9
WebdesignerIn,EDV-Anwendungskenntnisse,,growing,0.7
WebdesignerIn,Netzwerktechnik-Kenntnisse,,growing,0.5
WebdesignerIn,Marketing- und PR-Kenntnisse,,growing,0.3
WebdesignerIn,Organisationstalent,,growing,0.1
WebdesignerIn,Lernbereitschaft,,growing,0.1
WebentwicklerIn,Softwareentwicklungskenntnisse,22.3,top,
WebentwicklerIn,Internet-Entwicklungs- und Administrationskenntnisse,10.8,top,
WebentwicklerIn,Betriebssystem-Kenntnisse,9.2,top,
WebentwicklerIn,Datenbankentwicklungs- und -betreuungskenntnisse,5.9,top,
WebentwicklerIn,IT-Projektmanagement- und Consulting-Kenntnisse,4.4,top,
WebentwicklerIn,Qualitätsmanagement-Kenntnisse,3.4,top,
WebentwicklerIn,Multimedia-Kenntnisse,3.0,top,
WebentwicklerIn,EDV-Anwendungskenntnisse,3.0,top,
WebentwicklerIn,Projektmanagement-Kenntnisse,2.4,top,
WebentwicklerIn,Betriebswirtschaftliche Anwendungssoftware-Kenntnisse,,growing,0.7
WebentwicklerIn,Internet-Entwicklungs- und Administrationskenntnisse,,growing,0.4
WebentwicklerIn,Branchenspezifische Produkt- und Materialkenntnisse,,growing,0.4
WebentwicklerIn,Softwareentwicklungskenntnisse,,growing,0.3
WebentwicklerIn,"Grafik-, Web-Design- und Bildbearbeitungssoftware-Kenntnisse",,growing,0.2
WebentwicklerIn,Multimedia-Kenntnisse,,growing,0.1
WebentwicklerIn,Systematische Arbeitsweise,,growing,0.1
WebentwicklerIn,Branchenkenntnisse,,growing,0.1
WebentwicklerIn,Lernbereitschaft,,growing,0.1
BiomedizinischeR AnalytikerIn,Qualitätsmanagement-Kenntnisse,15.2,top,
BiomedizinischeR AnalytikerIn,Wissenschaftliches Fachwissen Naturwissenschaften,12.9,top,
BiomedizinischeR AnalytikerIn,Medizinische Funktionsdiagnostik,10.1,top,
BiomedizinischeR AnalytikerIn,Labormethoden-Kenntnisse,6.0,top,
BiomedizinischeR AnalytikerIn,Teamfähigkeit,5.6,top,
BiomedizinischeR AnalytikerIn,Medizinisch-analytische Labormethoden-Kenntnisse,5.4,top,
BiomedizinischeR AnalytikerIn,EDV-Anwendungskenntnisse,4.1,top,
BiomedizinischeR AnalytikerIn,Kommunikationsstärke,3.6,top,
BiomedizinischeR AnalytikerIn,Krankenpflege und Geburtshilfe,3.2,top,
BiomedizinischeR AnalytikerIn,Krankenpflege und Geburtshilfe,,growing,2.8
BiomedizinischeR AnalytikerIn,Einsatzbereitschaft,,growing,2.4
BiomedizinischeR AnalytikerIn,EDV-Anwendungskenntnisse,,growing,1.9
BiomedizinischeR AnalytikerIn,Organisationstalent,,growing,1.1
BiomedizinischeR AnalytikerIn,Teamfähigkeit,,growing,0.8
BiomedizinischeR AnalytikerIn,Labormethoden-Kenntnisse,,growing,0.8
BiomedizinischeR AnalytikerIn,Hohes Einfühlungsvermögen,,growing,0.5
BiomedizinischeR AnalytikerIn,Berufserfahrung,,growing,0.5
BiomedizinischeR AnalytikerIn,Führerscheine,,growing,0.4
